,project_status,length,build_year,underground,p_nom,tags,x0,y0,x1,y1,bus0,bus1
TYNDP2024_38,under_construction,394.0,2028,False,2000,"""""""url""""=>""""https://tyndp2024.entsoe.eu/projects-map/transmission/38"""", """"tyndp2024_invest_id""""=>""""38""""""",-0.74707,45.228481,-2.845459,43.397065,Gatica (ES),Cubnezais (FR)
TYNDP2024_1503,under_construction,445.0,2027,False,600,"""""""url""""=>""""https://tyndp2024.entsoe.eu/projects-map/transmission/1503"""", """"tyndp2024_invest_id""""=>""""1503""""""",14.032508,42.424633,18.77234,42.455523,Villanova (IT),Lastva (ME)
TYNDP2024_665,in_permitting,539.0,2027,False,2000,"""""""url""""=>""""https://tyndp2024.entsoe.eu/projects-map/transmission/665"""", """"tyndp2024_invest_id""""=>""""665""""""",11.638126,52.273252,12.291967,48.659058,Wolmirstedt (DE),Isar (DE)
TYNDP2024_661,in_permitting,300.0,2027,False,2400,"""""""url""""=>""""https://tyndp2024.entsoe.eu/projects-map/transmission/661"""", """"tyndp2024_invest_id""""=>""""661""""""",6.67631,50.993637,7.29289,53.380642,Emden East (DE),Osterath (DE)
TYNDP2024_995,in_permitting,300.0,2029,False,700,"""""""url""""=>""""https://tyndp2024.entsoe.eu/projects-map/transmission/995"""", """"tyndp2024_invest_id""""=>""""995""""""",13.611511,55.852377,12.211029,53.762611,Hurva (SE4),Guestrow (DE)
TYNDP2024_1407,under_construction,325.0,2029,False,1040,"""""""url""""=>""""https://tyndp2024.entsoe.eu/projects-map/transmission/1407"""", """"tyndp2024_invest_id""""=>""""1407""""""",33.430939,34.792169,34.887645,32.509504,Hadera Site,Kofinou Site
TYNDP2024_1409,under_construction,921.0,2029,False,1000,"""""""url""""=>""""https://tyndp2024.entsoe.eu/projects-map/transmission/1409"""", """"tyndp2024_invest_id""""=>""""1409""""""",24.887645,35.417655,33.43623,34.771449,Kofinou Site,Korakia (Crete)Site
TYNDP2024_664,in_permitting,1250.0,2028,False,4000,"""""""url""""=>""""https://tyndp2024.entsoe.eu/projects-map/transmission/664"""", """"tyndp2024_invest_id""""=>""""664""""""",9.062952,49.155389,9.334328,53.893473,"Brunsbüttel, Wilster","Großgartach, Bergrheinfeld West"
TYNDP2024_1381,in_permitting,240.0,2028,False,2075,"""""""url""""=>""""https://tyndp2024.entsoe.eu/projects-map/transmission/1381"""", """"tyndp2024_invest_id""""=>""""1381""""""",-1.052891,50.899893,1.114934,49.712215,Lovedean (GB),Barnabos (FR)
TYNDP2024_660,in_permitting,342.0,2026,False,2000,"""""""url""""=>""""https://tyndp2024.entsoe.eu/projects-map/transmission/660"""", """"tyndp2024_invest_id""""=>""""660""""""",8.41228,49.203626,6.681305,50.994449,Osterath (DE),Philippsburg (DE)
TYNDP2024_1383,in_permitting,158.0,2025,False,1400,"""""""url""""=>""""https://tyndp2024.entsoe.eu/projects-map/transmission/1383"""", """"tyndp2024_invest_id""""=>""""1383""""""",0.610085,51.41955,2.204132,50.966211,Kingsnorth (UK),"Warande (Gravelines, France)"
TYNDP2024_1458,under_construction,410.0,2027,False,400,"""""""url""""=>""""https://tyndp2024.entsoe.eu/projects-map/transmission/1458"""", """"tyndp2024_invest_id""""=>""""1458""""""",9.223462,41.136469,10.635974,43.038623,Codrongianos - Lucciana,Suvereto 
TYNDP2024_1628,under_construction,720.0,2026,False,1400,"""""""url""""=>""""https://tyndp2024.entsoe.eu/projects-map/transmission/1628"""", """"tyndp2024_invest_id""""=>""""1628""""""",0.89209,51.341594,7.989258,53.602937,Grain West 400kV Substation,Fedderwarden 380kV Substation
TYNDP2024_1638,in_permitting,245.0,2029,False,750,"""""""url""""=>""""https://tyndp2024.entsoe.eu/projects-map/transmission/1638"""", """"tyndp2024_invest_id""""=>""""1638""""""",-6.546789,53.362026,-3.573459,53.216107,Bodelwyddan,Maynooth
TYNDP2024_1682,under_consideration,954.0,2029,False,3000,"""""""url""""=>""""https://tyndp2024.entsoe.eu/projects-map/transmission/1682"""", """"tyndp2024_invest_id""""=>""""1682""""""",30.304756,30.599798,23.738194,38.109573,Wadi El Natroon,Mesogeia / St Stefanos
TYNDP2024_1709,under_consideration,450.0,2030,False,600,"""""""url""""=>""""https://tyndp2024.entsoe.eu/projects-map/transmission/1709"""", """"tyndp2024_invest_id""""=>""""1709""""""",26.112785,35.021,27.101555,31.25977,Atherinolakkos (Crete),Mersa Matruh (Egypt)
TYNDP2024_1707,under_consideration,610.0,2030,False,1400,"""""""url""""=>""""https://tyndp2024.entsoe.eu/projects-map/transmission/1707"""", """"tyndp2024_invest_id""""=>""""1707""""""",0.950317,51.917168,7.443237,53.021392,"East Anglia, connection node 400kV Substation","Niederlangen, Germany"
TYNDP2024_1717,under_construction,373.0,2024,False,1000,"""""""url""""=>""""https://tyndp2024.entsoe.eu/projects-map/transmission/1717"""", """"tyndp2024_invest_id""""=>""""1717""""""",23.627266,37.999031,25.02356,35.293159,Damasta,Koumoundouros
TYNDP2024_1793,under_consideration,229.0,2029,False,1200,"""""""url""""=>""""https://tyndp2024.entsoe.eu/projects-map/transmission/1793"""", """"tyndp2024_invest_id""""=>""""1793""""""",12.161865,55.481837,13.582763,54.105441,Solhøjgård (DKE),Bornholm Energy Island (BEI)
TYNDP2024_1945,under_consideration,940.0,2030,False,2000,"""""""url""""=>""""https://tyndp2024.entsoe.eu/projects-map/transmission/1945"""", """"tyndp2024_invest_id""""=>""""1945""""""",8.085938,36.897194,9.953613,44.119142,Annaba (Algeria) - new,La Spezia (Italy)  - existing
TYNDP2024_1946,under_consideration,590.0,2030,False,2000,"""""""url""""=>""""https://tyndp2024.entsoe.eu/projects-map/transmission/1946"""", """"tyndp2024_invest_id""""=>""""1946""""""",9.42627,37.282795,10.700684,42.940339,Marsa Dhib (Tunisia) - New,Suvereto (Italy) - Existing
TYNDP2024_1986,under_consideration,238.0,2030,False,2500,"""""""url""""=>""""https://tyndp2024.entsoe.eu/projects-map/transmission/1986"""", """"tyndp2024_invest_id""""=>""""1986""""""",19.731445,47.219568,21.357422,46.149394,Arad,Albertirsa
TYNDP2024_1987,under_consideration,830.0,2030,False,2500,"""""""url""""=>""""https://tyndp2024.entsoe.eu/projects-map/transmission/1987"""", """"tyndp2024_invest_id""""=>""""1987""""""",21.51123,46.126556,28.509521,44.032321,Arad,Constanta South
TYNDP2024_2003,under_consideration,586.0,2030,False,2500,"""""""url""""=>""""https://tyndp2024.entsoe.eu/projects-map/transmission/2003"""", """"tyndp2024_invest_id""""=>""""2003""""""",21.434326,46.122749,25.64209,44.465151,Arad,Bucharest South
TYNDP2024_2008,under_consideration,344.0,2030,False,2500,"""""""url""""=>""""https://tyndp2024.entsoe.eu/projects-map/transmission/2008"""", """"tyndp2024_invest_id""""=>""""2008""""""",25.675049,44.44861,28.526001,44.015657,Bucharest South,Constanta South
