,bus0,bus1,length,v_nom,num_parallel,project_status,build_year,tags,x0,y0,x1,y1,type,underground
P227,Lübeck/Schleswig-Holstein,Sahms/Schleswig-Holstein,52.0,380.0,2.0,confirmed,2030,"{""url"":""https://data.netzausbau.de/2037-2023/NEP/NEP_2037_2045_Bestaetigung.pdf"", ""status"":""confirmed"", ""origin"":""NEP"",""version"":2024,""location0"":""Lübeck/Schleswig-Holstein"",""location1"":""Sahms/Schleswig-Holstein""",10.684738,53.866444,10.5331297,53.5252973,HTLS 4-bundle 380.0,
TYNDP2024_4,V.Minho (by Ribeira de Pena),Feira (by Ribeira de Pena),138.58,400.0,,under_construction,2024,"""""""url""""=>""""https://tyndp2024.entsoe.eu/projects-map/transmission/4"""", """"tyndp2024_invest_id""""=>""""4""""""",-7.751691,41.584377,-8.379972,40.954752,,False
TYNDP2024_18,Beariz (ES),Fontefria (ES),30.0,400.0,,in_permitting,2024,"""""""url""""=>""""https://tyndp2024.entsoe.eu/projects-map/transmission/18"""", """"tyndp2024_invest_id""""=>""""18""""""",-8.396301,42.161368,-8.239746,42.376807,,False
TYNDP2024_496,Fontefria (ES),Vila Nova de Famalicão (PT) (By Ponte de Lima),94.71,400.0,,in_permitting,2024,"""""""url""""=>""""https://tyndp2024.entsoe.eu/projects-map/transmission/496"""", """"tyndp2024_invest_id""""=>""""496""""""",-8.392332,42.180428,-8.598325,41.458914,,False
TYNDP2024_1041,Villanova (IT),S. Barbara (IT),350.0,220.0,,under_construction,2023,"""""""url""""=>""""https://tyndp2024.entsoe.eu/projects-map/transmission/1041"""", """"tyndp2024_invest_id""""=>""""1041""""""",12.935543,43.520672,12.941036,43.516689,,False
TYNDP2024_313,Kocin (CZ),Mirovka (CZ),120.5,400.0,,in_permitting,2029,"""""""url""""=>""""https://tyndp2024.entsoe.eu/projects-map/transmission/313"""", """"tyndp2024_invest_id""""=>""""313""""""",14.359268,49.156158,15.595101,49.580095,,False
TYNDP2024_315,Kocin (CZ),Prestice (CZ),117.0,400.0,,in_permitting,2028,"""""""url""""=>""""https://tyndp2024.entsoe.eu/projects-map/transmission/315"""", """"tyndp2024_invest_id""""=>""""315""""""",14.360806,49.153935,13.329863,49.59526,,False
TYNDP2024_689,Vöhringen (DE),Westtirol (AT),157.0,380.0,,in_planning,2030,"""""""url""""=>""""https://tyndp2024.entsoe.eu/projects-map/transmission/689"""", """"tyndp2024_invest_id""""=>""""689""""""",10.872195,47.245233,10.063301,48.199319,,False
TYNDP2024_462,Woodland (IE),Turleenan (NI),138.0,400.0,,in_permitting,2025,"""""""url""""=>""""https://tyndp2024.entsoe.eu/projects-map/transmission/462"""", """"tyndp2024_invest_id""""=>""""462""""""",-6.612499,53.440783,-6.612499,54.470947,,False
TYNDP2024_779,F. Alentejo (by Panóias\Ourique),Tavira (by Panóias\Ourique),126.441,400.0,,under_construction,2024,"""""""url""""=>""""https://tyndp2024.entsoe.eu/projects-map/transmission/779"""", """"tyndp2024_invest_id""""=>""""779""""""",-8.043516,38.057063,-7.731092,37.399943,,False
TYNDP2024_1670,Alqueva,Divor,75.0,400.0,,in_permitting,2025,"""""""url""""=>""""https://tyndp2024.entsoe.eu/projects-map/transmission/1670"""", """"tyndp2024_invest_id""""=>""""1670""""""",-7.494241,38.068398,-7.887442,38.811163,,False
TYNDP2024_396,Viitajärvi (Finland),"Messaure (Sweden, bidding area SE1)",226.0,400.0,,in_permitting,2025,"""""""url""""=>""""https://tyndp2024.entsoe.eu/projects-map/transmission/396"""", """"tyndp2024_invest_id""""=>""""396""""""",20.461178,66.672562,24.592037,65.885948,,False
TYNDP2024_1710,Viitajärvi,Pyhänselkä,153.0,400.0,,in_permitting,2024,"""""""url""""=>""""https://tyndp2024.entsoe.eu/projects-map/transmission/1710"""", """"tyndp2024_invest_id""""=>""""1710""""""",25.740967,65.159964,24.378662,65.865742,,False
TYNDP2024_1783,Nybro (SE),Hemsjo (SE),90.0,400.0,,under_construction,2026,"""""""url""""=>""""https://tyndp2024.entsoe.eu/projects-map/transmission/1783"""", """"tyndp2024_invest_id""""=>""""1783""""""",15.542908,56.646664,14.740906,56.325168,,False
TYNDP2024_1784,Ekhyddan (SE),Nybro (SE),98.0,400.0,,in_permitting,2027,"""""""url""""=>""""https://tyndp2024.entsoe.eu/projects-map/transmission/1784"""", """"tyndp2024_invest_id""""=>""""1784""""""",16.659851,57.433617,15.535583,56.648677,,False
TYNDP2024_275,Smardan (RO),Gutinas (RO),140.0,400.0,,under_construction,2024,"""""""url""""=>""""https://tyndp2024.entsoe.eu/projects-map/transmission/275"""", """"tyndp2024_invest_id""""=>""""275""""""",27.816525,45.525592,26.877193,46.26724,,False
TYNDP2024_800,Varna(BG),Burgas(BG),86.0,400.0,,commissioned,2021,"""""""url""""=>""""https://tyndp2024.entsoe.eu/projects-map/transmission/800"""", """"tyndp2024_invest_id""""=>""""800""""""",27.362734,42.575707,27.429588,43.405372,,False
TYNDP2024_238,Resita (RO),Pancevo (RS),131.0,400.0,,under_construction,2025,"""""""url""""=>""""https://tyndp2024.entsoe.eu/projects-map/transmission/238"""", """"tyndp2024_invest_id""""=>""""238""""""",20.706606,44.868903,22.000562,45.309511,,False
TYNDP2024_269,Portile de Fier (RO),Resita (RO),116.0,400.0,,under_construction,2024,"""""""url""""=>""""https://tyndp2024.entsoe.eu/projects-map/transmission/269"""", """"tyndp2024_invest_id""""=>""""269""""""",21.99993,45.310033,22.575503,44.71403,,False
TYNDP2024_382,Vilnius,Neris,80.7,330.0,,under_construction,2025,"""""""url""""=>""""https://tyndp2024.entsoe.eu/projects-map/transmission/382"""", """"tyndp2024_invest_id""""=>""""382""""""",25.09346,54.600935,25.416183,54.857073,,False
TYNDP2024_1010,Tartu (EE),Valmiera (LV),133.0,330.0,,commissioned,2025,"""""""url""""=>""""https://tyndp2024.entsoe.eu/projects-map/transmission/1010"""", """"tyndp2024_invest_id""""=>""""1010""""""",26.686106,58.380599,25.443735,57.524427,,False
TYNDP2024_1011,Tsirguliina (EE),Valmiera (LV),60.0,330.0,,under_construction,2024,"""""""url""""=>""""https://tyndp2024.entsoe.eu/projects-map/transmission/1011"""", """"tyndp2024_invest_id""""=>""""1011""""""",26.20049,57.869593,25.439379,57.521969,,False
TYNDP2024_1012,Balti,Tartu,132.0,330.0,,commissioned,2023,"""""""url""""=>""""https://tyndp2024.entsoe.eu/projects-map/transmission/1012"""", """"tyndp2024_invest_id""""=>""""1012""""""",26.68637,58.378319,27.521728,59.34562,,False
TYNDP2024_1013,Viru,Tsirguliina ,244.0,330.0,,under_construction,2025,"""""""url""""=>""""https://tyndp2024.entsoe.eu/projects-map/transmission/1013"""", """"tyndp2024_invest_id""""=>""""1013""""""",27.902842,59.27243,26.20049,57.869349,,False
TYNDP2024_1034,Gižai,Elk Bis,330.0,220.0,,in_planning,2030,"""""""url""""=>""""https://tyndp2024.entsoe.eu/projects-map/transmission/1034"""", """"tyndp2024_invest_id""""=>""""1034""""""",21.676025,53.124989,23.433838,54.538265,,False
TYNDP2024_1565,Lietuvos E,Vilnius,40.9,330.0,,commissioned,2020,"""""""url""""=>""""https://tyndp2024.entsoe.eu/projects-map/transmission/1565"""", """"tyndp2024_invest_id""""=>""""1565""""""",24.638901,54.771715,25.092087,54.601837,,False
TYNDP2024_1634,KHAE,Bitenai,211.0,330.0,,under_construction,2025,"""""""url""""=>""""https://tyndp2024.entsoe.eu/projects-map/transmission/1634"""", """"tyndp2024_invest_id""""=>""""1634""""""",22.247314,55.09723,22.82959,54.501948,,False
TYNDP2024_1659,Darbenai,Bitenai,137.0,330.0,,under_construction,2025,"""""""url""""=>""""https://tyndp2024.entsoe.eu/projects-map/transmission/1659"""", """"tyndp2024_invest_id""""=>""""1659""""""",21.299744,56.029957,22.07428,55.079258,,False
TYNDP2024_1661,Dunowo,Zydowo Kierzkowo,57.11,400.0,,under_construction,2027,"""""""url""""=>""""https://tyndp2024.entsoe.eu/projects-map/transmission/1661"""", """"tyndp2024_invest_id""""=>""""1661""""""",16.113373,54.132319,16.632477,54.011449,,False
TYNDP2024_1662,Pila Krzewina,Zydowo Kierzkowo,119.0,400.0,,under_construction,2027,"""""""url""""=>""""https://tyndp2024.entsoe.eu/projects-map/transmission/1662"""", """"tyndp2024_invest_id""""=>""""1662""""""",16.633781,54.011513,16.9002,53.079705,,False
TYNDP2024_1663,Krajnik,Morzyczyn,41.5,400.0,,completed,2023,"""""""url""""=>""""https://tyndp2024.entsoe.eu/projects-map/transmission/1663"""", """"tyndp2024_invest_id""""=>""""1663""""""",14.443863,53.165941,14.828384,53.331103,,False
TYNDP2024_1664,Morzyczyn,Zarnowiec,288.5,400.0,,under_construction,2027,"""""""url""""=>""""https://tyndp2024.entsoe.eu/projects-map/transmission/1664"""", """"tyndp2024_invest_id""""=>""""1664""""""",14.83144,53.330725,18.104576,54.71442,,False
TYNDP2024_1665,Zarnowiec,Gdansk Blonia,77.0,400.0,,under_construction,2025,"""""""url""""=>""""https://tyndp2024.entsoe.eu/projects-map/transmission/1665"""", """"tyndp2024_invest_id""""=>""""1665""""""",18.104645,54.715546,18.68692,54.265673,,False
TYNDP2024_997,Pleinting (DE),St. Peter (AT),60.0,380.0,,in_permitting,2030,"""""""url""""=>""""https://tyndp2024.entsoe.eu/projects-map/transmission/997"""", """"tyndp2024_invest_id""""=>""""997""""""",13.081488,48.256092,13.035706,48.676523,,False
TYNDP2024_308,Vernerov (CZ),Vitkov (CZ),83.0,400.0,,under_construction,2024,"""""""url""""=>""""https://tyndp2024.entsoe.eu/projects-map/transmission/308"""", """"tyndp2024_invest_id""""=>""""308""""""",13.259125,50.419894,12.666962,50.170038,,False
TYNDP2024_1380,SOMPLAGO,WURMLACH,51.0,220.0,,in_permitting,2029,"""""""url""""=>""""https://tyndp2024.entsoe.eu/projects-map/transmission/1380"""", """"tyndp2024_invest_id""""=>""""1380""""""",13.066649,46.342188,13.103728,46.725742,,False
TYNDP2024_627,SS Bajina Basta,SS Visegrad,45.2,400.0,,in_permitting,2027,"""""""url""""=>""""https://tyndp2024.entsoe.eu/projects-map/transmission/627"""", """"tyndp2024_invest_id""""=>""""627""""""",19.500856,43.945323,19.389468,43.725192,,False
TYNDP2024_628,SS Bajina Basta,SS Obrenovac,109.0,400.0,,in_permitting,2026,"""""""url""""=>""""https://tyndp2024.entsoe.eu/projects-map/transmission/628"""", """"tyndp2024_invest_id""""=>""""628""""""",19.503983,43.951436,20.18074,44.657974,,False
TYNDP2024_630,SS Bajina Basta,SS Pljevlja,98.4,400.0,,in_permitting,2027,"""""""url""""=>""""https://tyndp2024.entsoe.eu/projects-map/transmission/630"""", """"tyndp2024_invest_id""""=>""""630""""""",19.500705,43.945995,19.316272,43.319263,,False
TYNDP2024_1526,SS Lastva,SS Pljevlja,151.0,400.0,,under_construction,2024,"""""""url""""=>""""https://tyndp2024.entsoe.eu/projects-map/transmission/1526"""", """"tyndp2024_invest_id""""=>""""1526""""""",19.325198,43.313528,18.732788,42.376361,,False
TYNDP2024_1888,SS Visegrad,SS Pljevlja,91.0,400.0,,in_permitting,2030,"""""""url""""=>""""https://tyndp2024.entsoe.eu/projects-map/transmission/1888"""", """"tyndp2024_invest_id""""=>""""1888""""""",19.388123,43.720497,19.313965,43.309191,,False
TYNDP2024_1231,Muhlbach,Eichstetten,32.0,400.0,,in_permitting,2027,"""""""url""""=>""""https://tyndp2024.entsoe.eu/projects-map/transmission/1231"""", """"tyndp2024_invest_id""""=>""""1231""""""",7.392666,47.896448,7.706806,48.100911,,False
TYNDP2024_1245,Vigy (FR),Uchtelfangen (DE),65.0,400.0,,in_permitting,2029,"""""""url""""=>""""https://tyndp2024.entsoe.eu/projects-map/transmission/1245"""", """"tyndp2024_invest_id""""=>""""1245""""""",6.251509,49.185105,6.943002,49.388488,,False
TYNDP2024_1205,Debrecen Dél,Oradea Sud,90.0,400.0,,in_planning,2030,"""""""url""""=>""""https://tyndp2024.entsoe.eu/projects-map/transmission/1205"""", """"tyndp2024_invest_id""""=>""""1205""""""",21.537117,47.55733,22.021683,47.051942,,False
TYNDP2024_1833,Urechesti (RO),Targu Jiu Nord (RO),22.0,220.0,,in_planning,2028,"""""""url""""=>""""https://tyndp2024.entsoe.eu/projects-map/transmission/1833"""", """"tyndp2024_invest_id""""=>""""1833""""""",23.249817,44.96917,23.372726,45.081279,,False
TYNDP2024_1834,Targu Jiu Nord (RO),Paroseni (RO),38.0,220.0,,in_planning,2028,"""""""url""""=>""""https://tyndp2024.entsoe.eu/projects-map/transmission/1834"""", """"tyndp2024_invest_id""""=>""""1834""""""",23.36998,45.085642,23.315735,45.277786,,False
TYNDP2024_1835,Paroseni (RO),Baru Mare (RO),20.2,220.0,,in_planning,2028,"""""""url""""=>""""https://tyndp2024.entsoe.eu/projects-map/transmission/1835"""", """"tyndp2024_invest_id""""=>""""1835""""""",23.310242,45.282617,23.032837,45.550602,,False
TYNDP2024_1836,Baru Mare (RO),Hasdat (RO),43.9,400.0,,in_planning,2028,"""""""url""""=>""""https://tyndp2024.entsoe.eu/projects-map/transmission/1836"""", """"tyndp2024_invest_id""""=>""""1836""""""",23.032837,45.545793,22.92984,45.761775,,False
TYNDP2024_1865,Nadab,Bekescsaba,59.62,400.0,,in_planning,2027,"""""""url""""=>""""https://tyndp2024.entsoe.eu/projects-map/transmission/1865"""", """"tyndp2024_invest_id""""=>""""1865""""""",21.580582,46.514933,21.154861,46.653207,,False
TYNDP2024_1008,Lonny (FR),Gramme (BE),100.0,400.0,,in_planning,2030,"""""""url""""=>""""https://tyndp2024.entsoe.eu/projects-map/transmission/1008"""", """"tyndp2024_invest_id""""=>""""1008""""""",5.220017,50.456805,4.492969,49.802258,,False
TYNDP2024_604,Liefkenshoek (BE),Mercator (BE),19.0,380.0,,under_construction,2026,"""""""url""""=>""""https://tyndp2024.entsoe.eu/projects-map/transmission/604"""", """"tyndp2024_invest_id""""=>""""604""""""",4.179014,51.161218,4.303695,51.286834,,False
TYNDP2024_1472,St. Peter,Tauern,128.0,380.0,,under_construction,2025,"""""""url""""=>""""https://tyndp2024.entsoe.eu/projects-map/transmission/1472"""", """"tyndp2024_invest_id""""=>""""1472""""""",13.063054,47.883317,12.739876,47.257055,,False
TYNDP2024_1473,Isar/Altheim/Ottenhofen (DE),St. Peter (AT),90.0,380.0,,in_permitting,2027,"""""""url""""=>""""https://tyndp2024.entsoe.eu/projects-map/transmission/1473"""", """"tyndp2024_invest_id""""=>""""1473""""""",13.081669,48.255972,12.173794,48.637415,,False
TYNDP2024_1478,DEKANI,ZAULE,11.0,110.0,,in_permitting,2026,"""""""url""""=>""""https://tyndp2024.entsoe.eu/projects-map/transmission/1478"""", """"tyndp2024_invest_id""""=>""""1478""""""",13.816826,45.61776,13.803806,45.548618,,False
TYNDP2024_1482,REDIPUGLIA,VRTOJBA,22.5,110.0,,in_permitting,2026,"""""""url""""=>""""https://tyndp2024.entsoe.eu/projects-map/transmission/1482"""", """"tyndp2024_invest_id""""=>""""1482""""""",13.649483,45.908167,13.471298,45.85989,,False
TYNDP2024_1630,Aach (DE),Bofferdange (LU),40.0,400.0,,in_permitting,2028,"""""""url""""=>""""https://tyndp2024.entsoe.eu/projects-map/transmission/1630"""", """"tyndp2024_invest_id""""=>""""1630""""""",6.594492,49.80288,6.311937,49.723265,,False
TYNDP2024_1536,Portile de Fier,Djerdap,2.0,400.0,,in_planning,2029,"""""""url""""=>""""https://tyndp2024.entsoe.eu/projects-map/transmission/1536"""", """"tyndp2024_invest_id""""=>""""1536""""""",22.449634,44.667286,22.573231,44.713391,,False
TYNDP2024_1538,WPP Cibuk,SS Belgrade 50,83.0,400.0,,in_permitting,2028,"""""""url""""=>""""https://tyndp2024.entsoe.eu/projects-map/transmission/1538"""", """"tyndp2024_invest_id""""=>""""1538""""""",20.314298,44.842881,20.860565,44.874246,,False
TYNDP2024_1864,Portile de Fier 220kV,Resita 220kV,116.55,220.0,,in_planning,2028,"""""""url""""=>""""https://tyndp2024.entsoe.eu/projects-map/transmission/1864"""", """"tyndp2024_invest_id""""=>""""1864""""""",22.002869,45.305803,22.571411,44.717465,,False
TYNDP2024_1699,SS Jagodina 4,SS Pozarevac 3,77.0,400.0,,in_planning,2030,"""""""url""""=>""""https://tyndp2024.entsoe.eu/projects-map/transmission/1699"""", """"tyndp2024_invest_id""""=>""""1699""""""",21.2444,44.729727,21.403702,43.941978,,False
TYNDP2024_1622,Bitola,Elbasan,151.0,400.0,,under_construction,2024,"""""""url""""=>""""https://tyndp2024.entsoe.eu/projects-map/transmission/1622"""", """"tyndp2024_invest_id""""=>""""1622""""""",21.300516,41.040759,20.073137,41.105464,,False
TYNDP2024_1593,Gatica,Guenes,38.8,400.0,,in_planning,2026,"""""""url""""=>""""https://tyndp2024.entsoe.eu/projects-map/transmission/1593"""", """"tyndp2024_invest_id""""=>""""1593""""""",-2.930717,43.215352,-2.887206,43.321619,,False
TYNDP2024_1595,Gatica,Ichaso,69.12,400.0,,in_planning,2026,"""""""url""""=>""""https://tyndp2024.entsoe.eu/projects-map/transmission/1595"""", """"tyndp2024_invest_id""""=>""""1595""""""",-2.88702,43.32182,-2.442989,43.057043,,False
TYNDP2024_1597,Gatica,Azpeitia,57.0,400.0,,in_planning,2026,"""""""url""""=>""""https://tyndp2024.entsoe.eu/projects-map/transmission/1597"""", """"tyndp2024_invest_id""""=>""""1597""""""",-2.880659,43.32139,-2.377882,43.260303,,False
TYNDP2024_1688,Nuojuankangas,Huutokoski,290.0,400.0,,under_construction,2026,"""""""url""""=>""""https://tyndp2024.entsoe.eu/projects-map/transmission/1688"""", """"tyndp2024_invest_id""""=>""""1688""""""",26.764817,64.56366,27.803525,62.263028,,False
TYNDP2024_1689,Petäjäskoski,Nuojuankangas,215.0,400.0,,in_permitting,2027,"""""""url""""=>""""https://tyndp2024.entsoe.eu/projects-map/transmission/1689"""", """"tyndp2024_invest_id""""=>""""1689""""""",26.853707,64.603954,25.406632,66.284111,,False
TYNDP2024_1697,Petäjävesi/Toivila,Hikiä,175.0,400.0,,in_permitting,2028,"""""""url""""=>""""https://tyndp2024.entsoe.eu/projects-map/transmission/1697"""", """"tyndp2024_invest_id""""=>""""1697""""""",24.903135,60.890358,25.202761,62.30112,,False
TYNDP2024_1780,Jylkkä,Toivila,300.0,400.0,,in_permitting,2028,"""""""url""""=>""""https://tyndp2024.entsoe.eu/projects-map/transmission/1780"""", """"tyndp2024_invest_id""""=>""""1780""""""",24.061181,64.176578,25.184783,62.26907,,False
TYNDP2024_1781,Nuojuankangas,Petäjävesi,290.0,400.0,,in_permitting,2030,"""""""url""""=>""""https://tyndp2024.entsoe.eu/projects-map/transmission/1781"""", """"tyndp2024_invest_id""""=>""""1781""""""",26.819749,64.546066,25.191775,62.285796,,False
TYNDP2024_1715,Westtirol (AT),Zell-Ziller (AT),104.0,220.0,,in_planning,2030,"""""""url""""=>""""https://tyndp2024.entsoe.eu/projects-map/transmission/1715"""", """"tyndp2024_invest_id""""=>""""1715""""""",11.90094,47.232625,10.978088,47.284819,,False
TYNDP2024_1716,Chania I,Molai (through Sklavouna Terminal),179.0,150.0,,commissioned,2021,"""""""url""""=>""""https://tyndp2024.entsoe.eu/projects-map/transmission/1716"""", """"tyndp2024_invest_id""""=>""""1716""""""",23.042999,36.516921,23.98233,35.481473,,False
TYNDP2024_645,Laino (IT),Altomonte (IT),50.0,400.0,,in_permitting,2029,"""""""url""""=>""""https://tyndp2024.entsoe.eu/projects-map/transmission/645"""", """"tyndp2024_invest_id""""=>""""645""""""",15.756519,40.177824,15.757892,40.178873,,False
TYNDP2024_1727,Montecorvino (IT),Benevento (IT),0.0,400.0,,in_permitting,2029,"""""""url""""=>""""https://tyndp2024.entsoe.eu/projects-map/transmission/1727"""", """"tyndp2024_invest_id""""=>""""1727""""""",14.776611,41.114085,15.24353,40.293733,,False
TYNDP2024_1787,Nea Santa,Fillipi,140.0,400.0,,in_planning,2028,"""""""url""""=>""""https://tyndp2024.entsoe.eu/projects-map/transmission/1787"""", """"tyndp2024_invest_id""""=>""""1787""""""",24.285278,40.975751,25.713501,41.120746,,False
TYNDP2024_1742,SS Subotica 3,SS Sándorfalva,50.6,400.0,,in_planning,2028,"""""""url""""=>""""https://tyndp2024.entsoe.eu/projects-map/transmission/1742"""", """"tyndp2024_invest_id""""=>""""1742""""""",19.717712,46.022714,20.166779,46.296662,,False
TYNDP2024_1743,SS Sombor 3,SS Novi Sad 3,80.0,400.0,,in_planning,2030,"""""""url""""=>""""https://tyndp2024.entsoe.eu/projects-map/transmission/1743"""", """"tyndp2024_invest_id""""=>""""1743""""""",19.176636,45.75411,19.753418,45.525592,,False
TYNDP2024_1744,SS Belgrade 50,SS Sremska Mitrovica 2,60.0,400.0,,in_planning,2030,"""""""url""""=>""""https://tyndp2024.entsoe.eu/projects-map/transmission/1744"""", """"tyndp2024_invest_id""""=>""""1744""""""",19.758911,45.529441,19.607849,45.019185,,False
TYNDP2024_1751,In Malta (MT): Maghtab Terminal Station (Maghtab TS),In Italy (IT): Ragusa Terminal Station (Ragusa TS),122.0,220.0,,in_permitting,2026,"""""""url""""=>""""https://tyndp2024.entsoe.eu/projects-map/transmission/1751"""", """"tyndp2024_invest_id""""=>""""1751""""""",14.452515,35.92242,14.573364,36.835668,,False
TYNDP2024_1752,Mustvee,Paide,87.0,330.0,,under_construction,2026,"""""""url""""=>""""https://tyndp2024.entsoe.eu/projects-map/transmission/1752"""", """"tyndp2024_invest_id""""=>""""1752""""""",26.93601,58.869066,25.178197,58.923718,,False
TYNDP2024_1753,Kiisa,Paide,70.0,330.0,,under_construction,2026,"""""""url""""=>""""https://tyndp2024.entsoe.eu/projects-map/transmission/1753"""", """"tyndp2024_invest_id""""=>""""1753""""""",24.70946,59.234339,25.197742,58.923846,,False
TYNDP2024_1769,Paide,Sopi,66.3,330.0,,in_planning,2028,"""""""url""""=>""""https://tyndp2024.entsoe.eu/projects-map/transmission/1769"""", """"tyndp2024_invest_id""""=>""""1769""""""",25.19928,58.921944,24.863587,58.567263,,False
TYNDP2024_1770,Sopi,Sindi,28.7,330.0,,in_planning,2028,"""""""url""""=>""""https://tyndp2024.entsoe.eu/projects-map/transmission/1770"""", """"tyndp2024_invest_id""""=>""""1770""""""",24.688263,58.379301,24.851532,58.553272,,False
TYNDP2024_1771,Rakvere,Kiisa,107.8,330.0,,in_planning,2029,"""""""url""""=>""""https://tyndp2024.entsoe.eu/projects-map/transmission/1771"""", """"tyndp2024_invest_id""""=>""""1771""""""",24.688721,59.241915,26.498108,59.444265,,False
TYNDP2024_1774,Püssi,Rakvere,57.7,330.0,,in_planning,2030,"""""""url""""=>""""https://tyndp2024.entsoe.eu/projects-map/transmission/1774"""", """"tyndp2024_invest_id""""=>""""1774""""""",26.513049,59.446245,26.81619,59.424519,,False
TYNDP2024_1766,Hradec,Röhrsdorf,81.5,400.0,,in_permitting,2028,"""""""url""""=>""""https://tyndp2024.entsoe.eu/projects-map/transmission/1766"""", """"tyndp2024_invest_id""""=>""""1766""""""",13.328407,50.344891,13.209343,50.526349,,False
TYNDP2024_1768,Bickigen,Chippis,1.0,380.0,,in_permitting,2027,"""""""url""""=>""""https://tyndp2024.entsoe.eu/projects-map/transmission/1768"""", """"tyndp2024_invest_id""""=>""""1768""""""",7.640991,47.085085,7.553101,46.31279,,False
TYNDP2024_1772,Bauler (DE),Roost (LU),27.8,220.0,,commissioned,2022,"""""""url""""=>""""https://tyndp2024.entsoe.eu/projects-map/transmission/1772"""", """"tyndp2024_invest_id""""=>""""1772""""""",6.255473,49.990191,6.169955,49.884526,,False
TYNDP2024_1773,German Border,Bauler (DE),20.3,220.0,,in_planning,2025,"""""""url""""=>""""https://tyndp2024.entsoe.eu/projects-map/transmission/1773"""", """"tyndp2024_invest_id""""=>""""1773""""""",6.256722,49.990873,6.528259,49.965181,,False
TYNDP2024_1805,Hessenberg (AT),Weißenbach (AT),71.0,220.0,,in_planning,2030,"""""""url""""=>""""https://tyndp2024.entsoe.eu/projects-map/transmission/1805"""", """"tyndp2024_invest_id""""=>""""1805""""""",14.17099,47.560209,14.794464,47.323363,,False
TYNDP2024_1860,Suceava,Balti,148.0,400.0,,in_permitting,2030,"""""""url""""=>""""https://tyndp2024.entsoe.eu/projects-map/transmission/1860"""", """"tyndp2024_invest_id""""=>""""1860""""""",26.339722,47.698672,27.905273,47.743017,,False
TYNDP2024_1983,400kV Suceava (RO),400kV Gadalin (RO),258.8,400.0,,in_planning,2030,"""""""url""""=>""""https://tyndp2024.entsoe.eu/projects-map/transmission/1983"""", """"tyndp2024_invest_id""""=>""""1983""""""",23.900757,46.843286,26.339722,47.698672,,False
TYNDP2024_1997,Aracthos,Thesprotia,65.0,400.0,,in_planning,2030,"""""""url""""=>""""https://tyndp2024.entsoe.eu/projects-map/transmission/1997"""", """"tyndp2024_invest_id""""=>""""1997""""""",20.363159,39.436193,21.137695,39.279042,,False
TYNDP2024_1988,Fier,Thesprotia,170.0,400.0,,in_planning,2030,"""""""url""""=>""""https://tyndp2024.entsoe.eu/projects-map/transmission/1988"""", """"tyndp2024_invest_id""""=>""""1988""""""",20.382385,39.43195,19.550171,40.709792,,False
TYNDP2024_1947,Annaba,Tougourt,600.0,400.0,,under_consideration,2030,"""""""url""""=>""""https://tyndp2024.entsoe.eu/projects-map/transmission/1947"""", """"tyndp2024_invest_id""""=>""""1947""""""",7.976074,36.862043,6.174316,33.008663,,False
TYNDP2024_1948,De Jebil (Tunisia),Marsa Dhib (Tunisia),500.0,400.0,,under_consideration,2030,"""""""url""""=>""""https://tyndp2024.entsoe.eu/projects-map/transmission/1948"""", """"tyndp2024_invest_id""""=>""""1948""""""",9.30542,37.186579,9.975586,33.440609,,False
TYNDP2024_1974,Bofferdange,Bertrange,20.0,380.0,,in_planning,2030,"""""""url""""=>""""https://tyndp2024.entsoe.eu/projects-map/transmission/1974"""", """"tyndp2024_invest_id""""=>""""1974""""""",6.061066,49.633752,6.266144,49.715275,,False
TYNDP2024_2004,Reitdorf (AT),Weißenbach (AT),73.0,220.0,,in_permitting,2028,"""""""url""""=>""""https://tyndp2024.entsoe.eu/projects-map/transmission/2004"""", """"tyndp2024_invest_id""""=>""""2004""""""",14.180728,47.557825,13.032157,47.300315,,False
TYNDP2024_2007,Sajóivánka (HU),Rimavska Sobotá (SK),51.057,400.0,,under_consideration,2027,"""""""url""""=>""""https://tyndp2024.entsoe.eu/projects-map/transmission/2007"""", """"tyndp2024_invest_id""""=>""""2007""""""",20.902738,48.099761,19.955916,48.380467,,False
TYNDP2024_2017,Mukacheve (UA),Velké Kapušany (SK),52.0,400.0,,in_permitting,2026,"""""""url""""=>""""https://tyndp2024.entsoe.eu/projects-map/transmission/2017"""", """"tyndp2024_invest_id""""=>""""2017""""""",-697.220764,48.422321,-698.021851,48.595186,,False
TYNDP2024_2022,Artsyz (UA),Isaccea (RO),130.0,400.0,,in_planning,2028,"""""""url""""=>""""https://tyndp2024.entsoe.eu/projects-map/transmission/2022"""", """"tyndp2024_invest_id""""=>""""2022""""""",29.421387,45.957624,28.44223,45.234661,,False
